alert_id,header,effect,timestamp,link,timeframe,short_header,description,cause,start_time,end_time,route_id,trip_id,stop_id,route_type
494210,"The ramp at the Prospect St entrance has been closed so a new accessible walkway to be built. To exit or enter the station at Prospect St., please use Union Square Elevator 771",STATION_ISSUE,2023-04-27T04:30:16-04:00,,ongoing,"The ramp at the Prospect St entrance has been closed so a new accessible walkway to be built. To exit or enter the station at Prospect St., ","Affected lines:
Green Line D branch",UNKNOWN_CAUSE,2023-04-20T04:30:00-04:00,,Green-D,,70503,2
494210,"The ramp at the Prospect St entrance has been closed so a new accessible walkway to be built. To exit or enter the station at Prospect St., please use Union Square Elevator 771",STATION_ISSUE,2023-04-27T04:30:16-04:00,,ongoing,"The ramp at the Prospect St entrance has been closed so a new accessible walkway to be built. To exit or enter the station at Prospect St., ","Affected lines:
Green Line D branch",UNKNOWN_CAUSE,2023-04-20T04:30:00-04:00,,Green-D,,70504,2
494210,"The ramp at the Prospect St entrance has been closed so a new accessible walkway to be built. To exit or enter the station at Prospect St., please use Union Square Elevator 771",STATION_ISSUE,2023-04-27T04:30:16-04:00,,ongoing,"The ramp at the Prospect St entrance has been closed so a new accessible walkway to be built. To exit or enter the station at Prospect St., ","Affected lines:
Green Line D branch",UNKNOWN_CAUSE,2023-04-20T04:30:00-04:00,,Green-D,,place-unsqu,2
476910,Green Line Extension riders will need to validate their fare prior to boarding at a fare vending machine. Please see station personnel if you need assistance.,SERVICE_CHANGE,2022-12-19T04:30:17-05:00,,ongoing,Green Line Extension riders will need to validate their fare prior to boarding at a fare vending machine,"Affected stops:
Medford/Tufts
Union Square
Ball Square
Magoun Square
Gilman Square
East Somerville
Lechmere",UNKNOWN_CAUSE,2022-12-12T04:30:00-05:00,,Green-D,,,2
476910,Green Line Extension riders will need to validate their fare prior to boarding at a fare vending machine. Please see station personnel if you need assistance.,SERVICE_CHANGE,2022-12-19T04:30:17-05:00,,ongoing,Green Line Extension riders will need to validate their fare prior to boarding at a fare vending machine,"Affected stops:
Medford/Tufts
Union Square
Ball Square
Magoun Square
Gilman Square
East Somerville
Lechmere",UNKNOWN_CAUSE,2022-12-12T04:30:00-05:00,,Green-E,,,2
488792,"Speed restrictions of 10 - 25 miles per hour are in place in some areas on the Blue, Orange, Red, Mattapan and Green Lines while track inspections are performed.",DELAY,2023-03-20T05:27:52-04:00,,ongoing,,,UNKNOWN_CAUSE,2023-03-10T22:17:00-05:00,,Green-B,,,2
488792,"Speed restrictions of 10 - 25 miles per hour are in place in some areas on the Blue, Orange, Red, Mattapan and Green Lines while track inspections are performed.",DELAY,2023-03-20T05:27:52-04:00,,ongoing,,,UNKNOWN_CAUSE,2023-03-10T22:17:00-05:00,,Green-C,,,2
488792,"Speed restrictions of 10 - 25 miles per hour are in place in some areas on the Blue, Orange, Red, Mattapan and Green Lines while track inspections are performed.",DELAY,2023-03-20T05:27:52-04:00,,ongoing,,,UNKNOWN_CAUSE,2023-03-10T22:17:00-05:00,,Green-E,,,2
488792,"Speed restrictions of 10 - 25 miles per hour are in place in some areas on the Blue, Orange, Red, Mattapan and Green Lines while track inspections are performed.",DELAY,2023-03-20T05:27:52-04:00,,ongoing,,,UNKNOWN_CAUSE,2023-03-10T22:17:00-05:00,,Mattapan,,,2
488812,"Speed restrictions of 10 - 25 miles per hour are in place in some areas on the Blue, Orange, Red, Mattapan and Green Lines while track inspections are performed.",DELAY,2023-03-20T05:28:09-04:00,,ongoing,,,UNKNOWN_CAUSE,2023-03-11T10:03:00-05:00,,Green-D,,,2
373217,"The Hancock Street lot is closed to allow for the construction of the North Quincy Garage. As an alternative, over 300 spaces are available in the Newport Avenue lot.",STATION_ISSUE,2021-02-25T11:56:28-05:00,https://www.mbta.com/NorthQuincy,ongoing,The Hancock St lot is closed to allow for the construction of the N Quincy Garage. Over 300 spaces are available in the Newport Ave Lot,"Affected routes:
Red Line",UNKNOWN_CAUSE,2020-10-12T04:30:00-04:00,,Red,,70097,2
373217,"The Hancock Street lot is closed to allow for the construction of the North Quincy Garage. As an alternative, over 300 spaces are available in the Newport Avenue lot.",STATION_ISSUE,2021-02-25T11:56:28-05:00,https://www.mbta.com/NorthQuincy,ongoing,The Hancock St lot is closed to allow for the construction of the N Quincy Garage. Over 300 spaces are available in the Newport Ave Lot,"Affected routes:
Red Line",UNKNOWN_CAUSE,2020-10-12T04:30:00-04:00,,Red,,70098,2
373217,"The Hancock Street lot is closed to allow for the construction of the North Quincy Garage. As an alternative, over 300 spaces are available in the Newport Avenue lot.",STATION_ISSUE,2021-02-25T11:56:28-05:00,https://www.mbta.com/NorthQuincy,ongoing,The Hancock St lot is closed to allow for the construction of the N Quincy Garage. Over 300 spaces are available in the Newport Ave Lot,"Affected routes:
Red Line",UNKNOWN_CAUSE,2020-10-12T04:30:00-04:00,,Red,,place-nqncy,2
488789,"Speed restrictions of 10 - 25 miles per hour are in place in some areas on the Blue, Orange, Red, Mattapan and Green Lines while track inspections are performed.",DELAY,2023-03-20T05:26:45-04:00,,ongoing,,,UNKNOWN_CAUSE,2023-03-10T22:15:00-05:00,,Blue,,,2
486342,At Alewife the station's main lobby and the 5th floor of the garage are open for service. Riders can continue to enter/exit the station via the Russell Field headhouse. ,STATION_ISSUE,2023-04-13T10:55:04-04:00,,ongoing,At Alewife the station's main lobby & the 5th floor of the garage are open for service. ,,UNKNOWN_CAUSE,2023-02-18T14:43:00-05:00,,Red,,70061,2
486342,At Alewife the station's main lobby and the 5th floor of the garage are open for service. Riders can continue to enter/exit the station via the Russell Field headhouse. ,STATION_ISSUE,2023-04-13T10:55:04-04:00,,ongoing,At Alewife the station's main lobby & the 5th floor of the garage are open for service. ,,UNKNOWN_CAUSE,2023-02-18T14:43:00-05:00,,Red,,place-alfcl,2
495566,Red Line Update: Regular service has resumed between Harvard and Park St after earlier Cambridge Fire Department activity at Kendall/MIT. Continue to expect delays of about 20 minutes while our crews get service back on schedule.,DELAY,2023-04-27T14:54:59-04:00,,,Red Ln Update: Regular service has resumed between Harvard & Park St after earlier Cambridge fire at Kendall/MIT. Continue to expect delays ,,UNKNOWN_CAUSE,2023-04-27T14:54:45-04:00,2023-04-27T17:27:03-04:00,Red,,,2
382310,The Quincy Adams parking garage has re-opened with 500 spaces available. Additional spaces will be added as construction finishes up. Customers can access the garage via the Route 3 off ramp exit. The Burgin Parkway entrance remains closed.,STATION_ISSUE,2021-11-15T05:44:52-05:00,,ongoing,The Quincy Adams parking garage has re-opened with 500 spaces available. Additional spaces will be added as construction finishes up. Custom,"Beginning November 29, the parking lot across from the station will close. Please use the garage or adjacent surface lot as an alternative.

The Quincy Adams Garage drop-off and pick-up location will remain at its location within Level 1B. 

The garage will be PayByPhone / PayByPlate with no need to pay to exit. More information on how to pay for parking is available at mbta.com/parking. 

Affected routes:
Red Line",CONSTRUCTION,2021-01-31T13:29:19-05:00,,Red,,70103,2
382310,The Quincy Adams parking garage has re-opened with 500 spaces available. Additional spaces will be added as construction finishes up. Customers can access the garage via the Route 3 off ramp exit. The Burgin Parkway entrance remains closed.,STATION_ISSUE,2021-11-15T05:44:52-05:00,,ongoing,The Quincy Adams parking garage has re-opened with 500 spaces available. Additional spaces will be added as construction finishes up. Custom,"Beginning November 29, the parking lot across from the station will close. Please use the garage or adjacent surface lot as an alternative.

The Quincy Adams Garage drop-off and pick-up location will remain at its location within Level 1B. 

The garage will be PayByPhone / PayByPlate with no need to pay to exit. More information on how to pay for parking is available at mbta.com/parking. 

Affected routes:
Red Line",CONSTRUCTION,2021-01-31T13:29:19-05:00,,Red,,70104,2
382310,The Quincy Adams parking garage has re-opened with 500 spaces available. Additional spaces will be added as construction finishes up. Customers can access the garage via the Route 3 off ramp exit. The Burgin Parkway entrance remains closed.,STATION_ISSUE,2021-11-15T05:44:52-05:00,,ongoing,The Quincy Adams parking garage has re-opened with 500 spaces available. Additional spaces will be added as construction finishes up. Custom,"Beginning November 29, the parking lot across from the station will close. Please use the garage or adjacent surface lot as an alternative.

The Quincy Adams Garage drop-off and pick-up location will remain at its location within Level 1B. 

The garage will be PayByPhone / PayByPlate with no need to pay to exit. More information on how to pay for parking is available at mbta.com/parking. 

Affected routes:
Red Line",CONSTRUCTION,2021-01-31T13:29:19-05:00,,Red,,place-qamnl,2
387124,The Braintree Parking Garage has re-opened with 350 parking spots available.  Additional spaces will be added as construction finishes up. The surface lot on Ivory St will remain open as an alternate parking option.,STATION_ISSUE,2021-06-13T08:16:49-04:00,,ongoing,The Braintree Parking Garage has re-opened with 350 parking spots available. Additional spaces will be added as construction finishes up. Th,"Riders can continue to use PayByPhone or pay-by-plate with the same parking fees as other MBTA surface lots.

Affected routes:
Red Line",CONSTRUCTION,2021-04-20T14:34:09-04:00,,Red,,70103,2
387124,The Braintree Parking Garage has re-opened with 350 parking spots available.  Additional spaces will be added as construction finishes up. The surface lot on Ivory St will remain open as an alternate parking option.,STATION_ISSUE,2021-06-13T08:16:49-04:00,,ongoing,The Braintree Parking Garage has re-opened with 350 parking spots available. Additional spaces will be added as construction finishes up. Th,"Riders can continue to use PayByPhone or pay-by-plate with the same parking fees as other MBTA surface lots.

Affected routes:
Red Line",CONSTRUCTION,2021-04-20T14:34:09-04:00,,Red,,70104,2
387124,The Braintree Parking Garage has re-opened with 350 parking spots available.  Additional spaces will be added as construction finishes up. The surface lot on Ivory St will remain open as an alternate parking option.,STATION_ISSUE,2021-06-13T08:16:49-04:00,,ongoing,The Braintree Parking Garage has re-opened with 350 parking spots available. Additional spaces will be added as construction finishes up. Th,"Riders can continue to use PayByPhone or pay-by-plate with the same parking fees as other MBTA surface lots.

Affected routes:
Red Line",CONSTRUCTION,2021-04-20T14:34:09-04:00,,Red,,70105,2
387124,The Braintree Parking Garage has re-opened with 350 parking spots available.  Additional spaces will be added as construction finishes up. The surface lot on Ivory St will remain open as an alternate parking option.,STATION_ISSUE,2021-06-13T08:16:49-04:00,,ongoing,The Braintree Parking Garage has re-opened with 350 parking spots available. Additional spaces will be added as construction finishes up. Th,"Riders can continue to use PayByPhone or pay-by-plate with the same parking fees as other MBTA surface lots.

Affected routes:
Red Line",CONSTRUCTION,2021-04-20T14:34:09-04:00,,Red,,place-brntn,2
387124,The Braintree Parking Garage has re-opened with 350 parking spots available.  Additional spaces will be added as construction finishes up. The surface lot on Ivory St will remain open as an alternate parking option.,STATION_ISSUE,2021-06-13T08:16:49-04:00,,ongoing,The Braintree Parking Garage has re-opened with 350 parking spots available. Additional spaces will be added as construction finishes up. Th,"Riders can continue to use PayByPhone or pay-by-plate with the same parking fees as other MBTA surface lots.

Affected routes:
Red Line",CONSTRUCTION,2021-04-20T14:34:09-04:00,,Red,,place-qamnl,2
488791,"Speed restrictions of 10 - 25 miles per hour are in place in some areas on the Blue, Orange, Red, Mattapan and Green Lines while track inspections are performed.",DELAY,2023-03-20T05:29:19-04:00,,ongoing,,"Riders can show their CharlieCard or CharlieTicket to conductors to ride @MBTA_CR to & from:
Orange Line:
•Oak Grove
•Malden Center
•Back Bay
•Ruggles
•Forest Hills

Red Line:
•Porter
•JFK/UMASS
•Quincy Center
•Braintree",UNKNOWN_CAUSE,2023-03-10T22:16:00-05:00,,Red,,,2
488790,"Speed restrictions of 10 - 25 miles per hour are in place in some areas on the Blue, Orange, Red, Mattapan and Green Lines while track inspections are performed.",DELAY,2023-03-28T21:46:03-04:00,,ongoing,,"Riders can show their CharlieCard or CharlieTicket to conductors to ride @MBTA_CR to & from:
Orange Line:
•Oak Grove
•Malden Center
•Back Bay
•Ruggles
•Forest Hills

Red Line:
•Porter
•JFK/UMASS
•Quincy Center
•Braintree",UNKNOWN_CAUSE,2023-03-10T22:16:00-05:00,,Orange,,,2
484028,"Effective on Monday, February 13th, and through the end of 2023, the entrances to Natick Center station will be relocated to Washington Street for access to the inbound and outbound platforms.",SERVICE_CHANGE,2023-02-10T14:23:16-05:00,https://mbta.com/natickcenter,ongoing,"As of on Mon, Feb 13th, & through the end of 2023, the entrances to Natick Center station will be relocated to Washington St.","North Avenue entrance and Walnut Street entrance will remain closed until further notice. 

This access change will allow for work on the new platforms as part of Natick Center Station Accessibility Improvements Project.",UNKNOWN_CAUSE,2023-02-03T14:22:30-05:00,,CR-Worcester,,WML-0177,2
484028,"Effective on Monday, February 13th, and through the end of 2023, the entrances to Natick Center station will be relocated to Washington Street for access to the inbound and outbound platforms.",SERVICE_CHANGE,2023-02-10T14:23:16-05:00,https://mbta.com/natickcenter,ongoing,"As of on Mon, Feb 13th, & through the end of 2023, the entrances to Natick Center station will be relocated to Washington St.","North Avenue entrance and Walnut Street entrance will remain closed until further notice. 

This access change will allow for work on the new platforms as part of Natick Center Station Accessibility Improvements Project.",UNKNOWN_CAUSE,2023-02-03T14:22:30-05:00,,CR-Worcester,,place-WML-0177,2
495564,Worcester Line Train 520 (2:00 pm from Worcester) is operating 10-15 minutes behind schedule between Framingham and South Station due to train traffic.,DELAY,2023-04-27T14:57:08-04:00,,,Worcester Line Train 520 (2pm from Worcester) is operating 10-15 minutes behind schedule between Framingham and S Station,Affected direction: Inbound,UNKNOWN_CAUSE,2023-04-27T14:49:00-04:00,2023-04-27T16:33:00-04:00,CR-Worcester,CR-551611-520,,2
495562,Please board all inbound Framingham/Worcester Line trains on the outbound platform (Track 7) at Lansdowne and Back Bay until further notice.,TRACK_CHANGE,2023-04-27T14:40:38-04:00,,,Please board all inbound Framingham/Worcester Line trains on the outbound platform (Track 7) at Lansdowne and Back Bay until further notice.,"Affected direction: Inbound

Affected stops:
Lansdowne
Back Bay",UNKNOWN_CAUSE,2023-04-27T14:40:37-04:00,2023-04-27T17:27:36-04:00,CR-Worcester,,NEC-2276,2
495562,Please board all inbound Framingham/Worcester Line trains on the outbound platform (Track 7) at Lansdowne and Back Bay until further notice.,TRACK_CHANGE,2023-04-27T14:40:38-04:00,,,Please board all inbound Framingham/Worcester Line trains on the outbound platform (Track 7) at Lansdowne and Back Bay until further notice.,"Affected direction: Inbound

Affected stops:
Lansdowne
Back Bay",UNKNOWN_CAUSE,2023-04-27T14:40:37-04:00,2023-04-27T17:27:36-04:00,CR-Worcester,,WML-0025,2
495562,Please board all inbound Framingham/Worcester Line trains on the outbound platform (Track 7) at Lansdowne and Back Bay until further notice.,TRACK_CHANGE,2023-04-27T14:40:38-04:00,,,Please board all inbound Framingham/Worcester Line trains on the outbound platform (Track 7) at Lansdowne and Back Bay until further notice.,"Affected direction: Inbound

Affected stops:
Lansdowne
Back Bay",UNKNOWN_CAUSE,2023-04-27T14:40:37-04:00,2023-04-27T17:27:36-04:00,CR-Worcester,,place-WML-0025,2
495562,Please board all inbound Framingham/Worcester Line trains on the outbound platform (Track 7) at Lansdowne and Back Bay until further notice.,TRACK_CHANGE,2023-04-27T14:40:38-04:00,,,Please board all inbound Framingham/Worcester Line trains on the outbound platform (Track 7) at Lansdowne and Back Bay until further notice.,"Affected direction: Inbound

Affected stops:
Lansdowne
Back Bay",UNKNOWN_CAUSE,2023-04-27T14:40:37-04:00,2023-04-27T17:27:36-04:00,CR-Worcester,,place-bbsta,2
495576,Please board all outbound Framingham/Worcester Line trains on the inbound platform (Track 2) at Wellesley Farms through Framingham until further notice. ,TRACK_CHANGE,2023-04-27T15:14:40-04:00,,,Please board all outbound Famnghm/Worc trains on the inbound platform (Track 2) at Wellesley Farms through Framingham until further notice,"Affected direction: Outbound

Affected stops:
Wellesley Farms
Wellesley Hills
Wellesley Square
Natick Center
West Natick
Framingham",UNKNOWN_CAUSE,2023-04-27T15:14:36-04:00,2023-04-27T17:27:36-04:00,CR-Worcester,,WML-0125,2
495576,Please board all outbound Framingham/Worcester Line trains on the inbound platform (Track 2) at Wellesley Farms through Framingham until further notice. ,TRACK_CHANGE,2023-04-27T15:14:40-04:00,,,Please board all outbound Famnghm/Worc trains on the inbound platform (Track 2) at Wellesley Farms through Framingham until further notice,"Affected direction: Outbound

Affected stops:
Wellesley Farms
Wellesley Hills
Wellesley Square
Natick Center
West Natick
Framingham",UNKNOWN_CAUSE,2023-04-27T15:14:36-04:00,2023-04-27T17:27:36-04:00,CR-Worcester,,WML-0135,2
495576,Please board all outbound Framingham/Worcester Line trains on the inbound platform (Track 2) at Wellesley Farms through Framingham until further notice. ,TRACK_CHANGE,2023-04-27T15:14:40-04:00,,,Please board all outbound Famnghm/Worc trains on the inbound platform (Track 2) at Wellesley Farms through Framingham until further notice,"Affected direction: Outbound

Affected stops:
Wellesley Farms
Wellesley Hills
Wellesley Square
Natick Center
West Natick
Framingham",UNKNOWN_CAUSE,2023-04-27T15:14:36-04:00,2023-04-27T17:27:36-04:00,CR-Worcester,,WML-0147,2
495576,Please board all outbound Framingham/Worcester Line trains on the inbound platform (Track 2) at Wellesley Farms through Framingham until further notice. ,TRACK_CHANGE,2023-04-27T15:14:40-04:00,,,Please board all outbound Famnghm/Worc trains on the inbound platform (Track 2) at Wellesley Farms through Framingham until further notice,"Affected direction: Outbound

Affected stops:
Wellesley Farms
Wellesley Hills
Wellesley Square
Natick Center
West Natick
Framingham",UNKNOWN_CAUSE,2023-04-27T15:14:36-04:00,2023-04-27T17:27:36-04:00,CR-Worcester,,WML-0177,2
495576,Please board all outbound Framingham/Worcester Line trains on the inbound platform (Track 2) at Wellesley Farms through Framingham until further notice. ,TRACK_CHANGE,2023-04-27T15:14:40-04:00,,,Please board all outbound Famnghm/Worc trains on the inbound platform (Track 2) at Wellesley Farms through Framingham until further notice,"Affected direction: Outbound

Affected stops:
Wellesley Farms
Wellesley Hills
Wellesley Square
Natick Center
West Natick
Framingham",UNKNOWN_CAUSE,2023-04-27T15:14:36-04:00,2023-04-27T17:27:36-04:00,CR-Worcester,,WML-0199,2
495576,Please board all outbound Framingham/Worcester Line trains on the inbound platform (Track 2) at Wellesley Farms through Framingham until further notice. ,TRACK_CHANGE,2023-04-27T15:14:40-04:00,,,Please board all outbound Famnghm/Worc trains on the inbound platform (Track 2) at Wellesley Farms through Framingham until further notice,"Affected direction: Outbound

Affected stops:
Wellesley Farms
Wellesley Hills
Wellesley Square
Natick Center
West Natick
Framingham",UNKNOWN_CAUSE,2023-04-27T15:14:36-04:00,2023-04-27T17:27:36-04:00,CR-Worcester,,WML-0214,2
495576,Please board all outbound Framingham/Worcester Line trains on the inbound platform (Track 2) at Wellesley Farms through Framingham until further notice. ,TRACK_CHANGE,2023-04-27T15:14:40-04:00,,,Please board all outbound Famnghm/Worc trains on the inbound platform (Track 2) at Wellesley Farms through Framingham until further notice,"Affected direction: Outbound

Affected stops:
Wellesley Farms
Wellesley Hills
Wellesley Square
Natick Center
West Natick
Framingham",UNKNOWN_CAUSE,2023-04-27T15:14:36-04:00,2023-04-27T17:27:36-04:00,CR-Worcester,,place-WML-0125,2
495576,Please board all outbound Framingham/Worcester Line trains on the inbound platform (Track 2) at Wellesley Farms through Framingham until further notice. ,TRACK_CHANGE,2023-04-27T15:14:40-04:00,,,Please board all outbound Famnghm/Worc trains on the inbound platform (Track 2) at Wellesley Farms through Framingham until further notice,"Affected direction: Outbound

Affected stops:
Wellesley Farms
Wellesley Hills
Wellesley Square
Natick Center
West Natick
Framingham",UNKNOWN_CAUSE,2023-04-27T15:14:36-04:00,2023-04-27T17:27:36-04:00,CR-Worcester,,place-WML-0135,2
495576,Please board all outbound Framingham/Worcester Line trains on the inbound platform (Track 2) at Wellesley Farms through Framingham until further notice. ,TRACK_CHANGE,2023-04-27T15:14:40-04:00,,,Please board all outbound Famnghm/Worc trains on the inbound platform (Track 2) at Wellesley Farms through Framingham until further notice,"Affected direction: Outbound

Affected stops:
Wellesley Farms
Wellesley Hills
Wellesley Square
Natick Center
West Natick
Framingham",UNKNOWN_CAUSE,2023-04-27T15:14:36-04:00,2023-04-27T17:27:36-04:00,CR-Worcester,,place-WML-0147,2
495576,Please board all outbound Framingham/Worcester Line trains on the inbound platform (Track 2) at Wellesley Farms through Framingham until further notice. ,TRACK_CHANGE,2023-04-27T15:14:40-04:00,,,Please board all outbound Famnghm/Worc trains on the inbound platform (Track 2) at Wellesley Farms through Framingham until further notice,"Affected direction: Outbound

Affected stops:
Wellesley Farms
Wellesley Hills
Wellesley Square
Natick Center
West Natick
Framingham",UNKNOWN_CAUSE,2023-04-27T15:14:36-04:00,2023-04-27T17:27:36-04:00,CR-Worcester,,place-WML-0177,2
495576,Please board all outbound Framingham/Worcester Line trains on the inbound platform (Track 2) at Wellesley Farms through Framingham until further notice. ,TRACK_CHANGE,2023-04-27T15:14:40-04:00,,,Please board all outbound Famnghm/Worc trains on the inbound platform (Track 2) at Wellesley Farms through Framingham until further notice,"Affected direction: Outbound

Affected stops:
Wellesley Farms
Wellesley Hills
Wellesley Square
Natick Center
West Natick
Framingham",UNKNOWN_CAUSE,2023-04-27T15:14:36-04:00,2023-04-27T17:27:36-04:00,CR-Worcester,,place-WML-0199,2
495576,Please board all outbound Framingham/Worcester Line trains on the inbound platform (Track 2) at Wellesley Farms through Framingham until further notice. ,TRACK_CHANGE,2023-04-27T15:14:40-04:00,,,Please board all outbound Famnghm/Worc trains on the inbound platform (Track 2) at Wellesley Farms through Framingham until further notice,"Affected direction: Outbound

Affected stops:
Wellesley Farms
Wellesley Hills
Wellesley Square
Natick Center
West Natick
Framingham",UNKNOWN_CAUSE,2023-04-27T15:14:36-04:00,2023-04-27T17:27:36-04:00,CR-Worcester,,place-WML-0214,2
490381,"Saturday, April 22nd, through Sunday, May 7th, buses replace trains between Haverhill & Reading to continue signal improvement work as part of the Commuter Rail Safety & Resiliency Program. Train service operates between Reading & North Station. ",SERVICE_CHANGE,2023-04-22T04:00:16-04:00,https://mbta.com/ptc,through May 7,"Sat, Apr 22nd, through Sun, May 7th, buses replace trains between Haverhill & Reading to continue signal improvement work.","Normal train service will resume on Monday, May 8th.

-A dedicated schedule is in effect during the disruption. 
-Buses will be accessible, but bikes will not be allowed onboard.
-Buses will be free but passengers are expected to purchase regular fares for travel between Reading and North Station.

Bus pick up and drop off locations:
-Haverhill: on the parking lot, right next to the station shelter 
-Bradford: on the parking lot, next to the platform ramp
-Lawrence: at 220 Merrimack Street for inbound service. At 211 Merrimack Street for outbound service.
-Andover: at the bus/train shelter on the station side for outbound service, on the other side of Railroad Street for inbound service
-Ballardvale: on the station side of Andover Street for outbound service, on the opposite side of inbound service (next to Spinner Pizza Parlor)
-North Wilmington: On Middlesex Avenue, on the station side just before the sidewalk for inbound service and on the other side of the street, next to the hair salon for outbound service
-Reading: At the MBTA Bus #137 stop on Lincoln street (station side)",UNKNOWN_CAUSE,2023-04-22T04:30:00-04:00,2023-05-08T02:30:00-04:00,CR-Haverhill,,,2
487255,"On weekdays, now through Friday, May 5th, 9:15 am - 3:15 pm, the main track at Worcester station will close for construction. Boarding will occur from the tracks adjacent to the 45 Shrewsbury Street parking lot. Plan ahead & allow for extra travel time.",SERVICE_CHANGE,2023-03-23T08:11:20-04:00,https://www.mbta.com/UnionStation,through May 5,"On weekdays, now through Fri, May 5th, 9:15am - 3:15pm, the main track at Worcester station will close for construction. ","Affected stops:
Worcester

Affected trips:
507 (7:50 am from South Station)
509 (8:50 am from South Station)
511 (9:50 am from South Station)
512 (10:00 am from Worcester)
513 (10:50 am from South Station)
514 (11:00 am from Worcester)
515 (11:45 am from South Station)
516 (12:00 pm from Worcester)
517 (12:55 pm from South Station)
518 (1:05 pm from Worcester)
520 (2:00 pm from Worcester)
522 (3:00 pm from Worcester)",UNKNOWN_CAUSE,2023-03-06T04:30:00-05:00,2023-05-05T15:30:00-04:00,CR-Worcester,CR-551611-520,WML-0442-CS,2
487255,"On weekdays, now through Friday, May 5th, 9:15 am - 3:15 pm, the main track at Worcester station will close for construction. Boarding will occur from the tracks adjacent to the 45 Shrewsbury Street parking lot. Plan ahead & allow for extra travel time.",SERVICE_CHANGE,2023-03-23T08:11:20-04:00,https://www.mbta.com/UnionStation,through May 5,"On weekdays, now through Fri, May 5th, 9:15am - 3:15pm, the main track at Worcester station will close for construction. ","Affected stops:
Worcester

Affected trips:
507 (7:50 am from South Station)
509 (8:50 am from South Station)
511 (9:50 am from South Station)
512 (10:00 am from Worcester)
513 (10:50 am from South Station)
514 (11:00 am from Worcester)
515 (11:45 am from South Station)
516 (12:00 pm from Worcester)
517 (12:55 pm from South Station)
518 (1:05 pm from Worcester)
520 (2:00 pm from Worcester)
522 (3:00 pm from Worcester)",UNKNOWN_CAUSE,2023-03-06T04:30:00-05:00,2023-05-05T15:30:00-04:00,CR-Worcester,CR-551615-514,WML-0442-CS,2
487255,"On weekdays, now through Friday, May 5th, 9:15 am - 3:15 pm, the main track at Worcester station will close for construction. Boarding will occur from the tracks adjacent to the 45 Shrewsbury Street parking lot. Plan ahead & allow for extra travel time.",SERVICE_CHANGE,2023-03-23T08:11:20-04:00,https://www.mbta.com/UnionStation,through May 5,"On weekdays, now through Fri, May 5th, 9:15am - 3:15pm, the main track at Worcester station will close for construction. ","Affected stops:
Worcester

Affected trips:
507 (7:50 am from South Station)
509 (8:50 am from South Station)
511 (9:50 am from South Station)
512 (10:00 am from Worcester)
513 (10:50 am from South Station)
514 (11:00 am from Worcester)
515 (11:45 am from South Station)
516 (12:00 pm from Worcester)
517 (12:55 pm from South Station)
518 (1:05 pm from Worcester)
520 (2:00 pm from Worcester)
522 (3:00 pm from Worcester)",UNKNOWN_CAUSE,2023-03-06T04:30:00-05:00,2023-05-05T15:30:00-04:00,CR-Worcester,CR-554427-511,WML-0442-CS,2
487255,"On weekdays, now through Friday, May 5th, 9:15 am - 3:15 pm, the main track at Worcester station will close for construction. Boarding will occur from the tracks adjacent to the 45 Shrewsbury Street parking lot. Plan ahead & allow for extra travel time.",SERVICE_CHANGE,2023-03-23T08:11:20-04:00,https://www.mbta.com/UnionStation,through May 5,"On weekdays, now through Fri, May 5th, 9:15am - 3:15pm, the main track at Worcester station will close for construction. ","Affected stops:
Worcester

Affected trips:
507 (7:50 am from South Station)
509 (8:50 am from South Station)
511 (9:50 am from South Station)
512 (10:00 am from Worcester)
513 (10:50 am from South Station)
514 (11:00 am from Worcester)
515 (11:45 am from South Station)
516 (12:00 pm from Worcester)
517 (12:55 pm from South Station)
518 (1:05 pm from Worcester)
520 (2:00 pm from Worcester)
522 (3:00 pm from Worcester)",UNKNOWN_CAUSE,2023-03-06T04:30:00-05:00,2023-05-05T15:30:00-04:00,CR-Worcester,CR-554429-513,WML-0442-CS,2
487255,"On weekdays, now through Friday, May 5th, 9:15 am - 3:15 pm, the main track at Worcester station will close for construction. Boarding will occur from the tracks adjacent to the 45 Shrewsbury Street parking lot. Plan ahead & allow for extra travel time.",SERVICE_CHANGE,2023-03-23T08:11:20-04:00,https://www.mbta.com/UnionStation,through May 5,"On weekdays, now through Fri, May 5th, 9:15am - 3:15pm, the main track at Worcester station will close for construction. ","Affected stops:
Worcester

Affected trips:
507 (7:50 am from South Station)
509 (8:50 am from South Station)
511 (9:50 am from South Station)
512 (10:00 am from Worcester)
513 (10:50 am from South Station)
514 (11:00 am from Worcester)
515 (11:45 am from South Station)
516 (12:00 pm from Worcester)
517 (12:55 pm from South Station)
518 (1:05 pm from Worcester)
520 (2:00 pm from Worcester)
522 (3:00 pm from Worcester)",UNKNOWN_CAUSE,2023-03-06T04:30:00-05:00,2023-05-05T15:30:00-04:00,CR-Worcester,CR-554442-515,WML-0442-CS,2
487255,"On weekdays, now through Friday, May 5th, 9:15 am - 3:15 pm, the main track at Worcester station will close for construction. Boarding will occur from the tracks adjacent to the 45 Shrewsbury Street parking lot. Plan ahead & allow for extra travel time.",SERVICE_CHANGE,2023-03-23T08:11:20-04:00,https://www.mbta.com/UnionStation,through May 5,"On weekdays, now through Fri, May 5th, 9:15am - 3:15pm, the main track at Worcester station will close for construction. ","Affected stops:
Worcester

Affected trips:
507 (7:50 am from South Station)
509 (8:50 am from South Station)
511 (9:50 am from South Station)
512 (10:00 am from Worcester)
513 (10:50 am from South Station)
514 (11:00 am from Worcester)
515 (11:45 am from South Station)
516 (12:00 pm from Worcester)
517 (12:55 pm from South Station)
518 (1:05 pm from Worcester)
520 (2:00 pm from Worcester)
522 (3:00 pm from Worcester)",UNKNOWN_CAUSE,2023-03-06T04:30:00-05:00,2023-05-05T15:30:00-04:00,CR-Worcester,CR-554465-516,WML-0442-CS,2
487255,"On weekdays, now through Friday, May 5th, 9:15 am - 3:15 pm, the main track at Worcester station will close for construction. Boarding will occur from the tracks adjacent to the 45 Shrewsbury Street parking lot. Plan ahead & allow for extra travel time.",SERVICE_CHANGE,2023-03-23T08:11:20-04:00,https://www.mbta.com/UnionStation,through May 5,"On weekdays, now through Fri, May 5th, 9:15am - 3:15pm, the main track at Worcester station will close for construction. ","Affected stops:
Worcester

Affected trips:
507 (7:50 am from South Station)
509 (8:50 am from South Station)
511 (9:50 am from South Station)
512 (10:00 am from Worcester)
513 (10:50 am from South Station)
514 (11:00 am from Worcester)
515 (11:45 am from South Station)
516 (12:00 pm from Worcester)
517 (12:55 pm from South Station)
518 (1:05 pm from Worcester)
520 (2:00 pm from Worcester)
522 (3:00 pm from Worcester)",UNKNOWN_CAUSE,2023-03-06T04:30:00-05:00,2023-05-05T15:30:00-04:00,CR-Worcester,CR-554471-509,WML-0442-CS,2
487255,"On weekdays, now through Friday, May 5th, 9:15 am - 3:15 pm, the main track at Worcester station will close for construction. Boarding will occur from the tracks adjacent to the 45 Shrewsbury Street parking lot. Plan ahead & allow for extra travel time.",SERVICE_CHANGE,2023-03-23T08:11:20-04:00,https://www.mbta.com/UnionStation,through May 5,"On weekdays, now through Fri, May 5th, 9:15am - 3:15pm, the main track at Worcester station will close for construction. ","Affected stops:
Worcester

Affected trips:
507 (7:50 am from South Station)
509 (8:50 am from South Station)
511 (9:50 am from South Station)
512 (10:00 am from Worcester)
513 (10:50 am from South Station)
514 (11:00 am from Worcester)
515 (11:45 am from South Station)
516 (12:00 pm from Worcester)
517 (12:55 pm from South Station)
518 (1:05 pm from Worcester)
520 (2:00 pm from Worcester)
522 (3:00 pm from Worcester)",UNKNOWN_CAUSE,2023-03-06T04:30:00-05:00,2023-05-05T15:30:00-04:00,CR-Worcester,CR-554472-512,WML-0442-CS,2
487255,"On weekdays, now through Friday, May 5th, 9:15 am - 3:15 pm, the main track at Worcester station will close for construction. Boarding will occur from the tracks adjacent to the 45 Shrewsbury Street parking lot. Plan ahead & allow for extra travel time.",SERVICE_CHANGE,2023-03-23T08:11:20-04:00,https://www.mbta.com/UnionStation,through May 5,"On weekdays, now through Fri, May 5th, 9:15am - 3:15pm, the main track at Worcester station will close for construction. ","Affected stops:
Worcester

Affected trips:
507 (7:50 am from South Station)
509 (8:50 am from South Station)
511 (9:50 am from South Station)
512 (10:00 am from Worcester)
513 (10:50 am from South Station)
514 (11:00 am from Worcester)
515 (11:45 am from South Station)
516 (12:00 pm from Worcester)
517 (12:55 pm from South Station)
518 (1:05 pm from Worcester)
520 (2:00 pm from Worcester)
522 (3:00 pm from Worcester)",UNKNOWN_CAUSE,2023-03-06T04:30:00-05:00,2023-05-05T15:30:00-04:00,CR-Worcester,CR-554474-522,WML-0442-CS,2
487255,"On weekdays, now through Friday, May 5th, 9:15 am - 3:15 pm, the main track at Worcester station will close for construction. Boarding will occur from the tracks adjacent to the 45 Shrewsbury Street parking lot. Plan ahead & allow for extra travel time.",SERVICE_CHANGE,2023-03-23T08:11:20-04:00,https://www.mbta.com/UnionStation,through May 5,"On weekdays, now through Fri, May 5th, 9:15am - 3:15pm, the main track at Worcester station will close for construction. ","Affected stops:
Worcester

Affected trips:
507 (7:50 am from South Station)
509 (8:50 am from South Station)
511 (9:50 am from South Station)
512 (10:00 am from Worcester)
513 (10:50 am from South Station)
514 (11:00 am from Worcester)
515 (11:45 am from South Station)
516 (12:00 pm from Worcester)
517 (12:55 pm from South Station)
518 (1:05 pm from Worcester)
520 (2:00 pm from Worcester)
522 (3:00 pm from Worcester)",UNKNOWN_CAUSE,2023-03-06T04:30:00-05:00,2023-05-05T15:30:00-04:00,CR-Worcester,CR-554479-507,WML-0442-CS,2
487255,"On weekdays, now through Friday, May 5th, 9:15 am - 3:15 pm, the main track at Worcester station will close for construction. Boarding will occur from the tracks adjacent to the 45 Shrewsbury Street parking lot. Plan ahead & allow for extra travel time.",SERVICE_CHANGE,2023-03-23T08:11:20-04:00,https://www.mbta.com/UnionStation,through May 5,"On weekdays, now through Fri, May 5th, 9:15am - 3:15pm, the main track at Worcester station will close for construction. ","Affected stops:
Worcester

Affected trips:
507 (7:50 am from South Station)
509 (8:50 am from South Station)
511 (9:50 am from South Station)
512 (10:00 am from Worcester)
513 (10:50 am from South Station)
514 (11:00 am from Worcester)
515 (11:45 am from South Station)
516 (12:00 pm from Worcester)
517 (12:55 pm from South Station)
518 (1:05 pm from Worcester)
520 (2:00 pm from Worcester)
522 (3:00 pm from Worcester)",UNKNOWN_CAUSE,2023-03-06T04:30:00-05:00,2023-05-05T15:30:00-04:00,CR-Worcester,CR-554534-517,WML-0442-CS,2
487255,"On weekdays, now through Friday, May 5th, 9:15 am - 3:15 pm, the main track at Worcester station will close for construction. Boarding will occur from the tracks adjacent to the 45 Shrewsbury Street parking lot. Plan ahead & allow for extra travel time.",SERVICE_CHANGE,2023-03-23T08:11:20-04:00,https://www.mbta.com/UnionStation,through May 5,"On weekdays, now through Fri, May 5th, 9:15am - 3:15pm, the main track at Worcester station will close for construction. ","Affected stops:
Worcester

Affected trips:
507 (7:50 am from South Station)
509 (8:50 am from South Station)
511 (9:50 am from South Station)
512 (10:00 am from Worcester)
513 (10:50 am from South Station)
514 (11:00 am from Worcester)
515 (11:45 am from South Station)
516 (12:00 pm from Worcester)
517 (12:55 pm from South Station)
518 (1:05 pm from Worcester)
520 (2:00 pm from Worcester)
522 (3:00 pm from Worcester)",UNKNOWN_CAUSE,2023-03-06T04:30:00-05:00,2023-05-05T15:30:00-04:00,CR-Worcester,CR-554546-518,WML-0442-CS,2
487255,"On weekdays, now through Friday, May 5th, 9:15 am - 3:15 pm, the main track at Worcester station will close for construction. Boarding will occur from the tracks adjacent to the 45 Shrewsbury Street parking lot. Plan ahead & allow for extra travel time.",SERVICE_CHANGE,2023-03-23T08:11:20-04:00,https://www.mbta.com/UnionStation,through May 5,"On weekdays, now through Fri, May 5th, 9:15am - 3:15pm, the main track at Worcester station will close for construction. ","Affected stops:
Worcester

Affected trips:
507 (7:50 am from South Station)
509 (8:50 am from South Station)
511 (9:50 am from South Station)
512 (10:00 am from Worcester)
513 (10:50 am from South Station)
514 (11:00 am from Worcester)
515 (11:45 am from South Station)
516 (12:00 pm from Worcester)
517 (12:55 pm from South Station)
518 (1:05 pm from Worcester)
520 (2:00 pm from Worcester)
522 (3:00 pm from Worcester)",UNKNOWN_CAUSE,2023-03-06T04:30:00-05:00,2023-05-05T15:30:00-04:00,CR-Worcester,CR-551611-520,place-WML-0442,2
487255,"On weekdays, now through Friday, May 5th, 9:15 am - 3:15 pm, the main track at Worcester station will close for construction. Boarding will occur from the tracks adjacent to the 45 Shrewsbury Street parking lot. Plan ahead & allow for extra travel time.",SERVICE_CHANGE,2023-03-23T08:11:20-04:00,https://www.mbta.com/UnionStation,through May 5,"On weekdays, now through Fri, May 5th, 9:15am - 3:15pm, the main track at Worcester station will close for construction. ","Affected stops:
Worcester

Affected trips:
507 (7:50 am from South Station)
509 (8:50 am from South Station)
511 (9:50 am from South Station)
512 (10:00 am from Worcester)
513 (10:50 am from South Station)
514 (11:00 am from Worcester)
515 (11:45 am from South Station)
516 (12:00 pm from Worcester)
517 (12:55 pm from South Station)
518 (1:05 pm from Worcester)
520 (2:00 pm from Worcester)
522 (3:00 pm from Worcester)",UNKNOWN_CAUSE,2023-03-06T04:30:00-05:00,2023-05-05T15:30:00-04:00,CR-Worcester,CR-551615-514,place-WML-0442,2
487255,"On weekdays, now through Friday, May 5th, 9:15 am - 3:15 pm, the main track at Worcester station will close for construction. Boarding will occur from the tracks adjacent to the 45 Shrewsbury Street parking lot. Plan ahead & allow for extra travel time.",SERVICE_CHANGE,2023-03-23T08:11:20-04:00,https://www.mbta.com/UnionStation,through May 5,"On weekdays, now through Fri, May 5th, 9:15am - 3:15pm, the main track at Worcester station will close for construction. ","Affected stops:
Worcester

Affected trips:
507 (7:50 am from South Station)
509 (8:50 am from South Station)
511 (9:50 am from South Station)
512 (10:00 am from Worcester)
513 (10:50 am from South Station)
514 (11:00 am from Worcester)
515 (11:45 am from South Station)
516 (12:00 pm from Worcester)
517 (12:55 pm from South Station)
518 (1:05 pm from Worcester)
520 (2:00 pm from Worcester)
522 (3:00 pm from Worcester)",UNKNOWN_CAUSE,2023-03-06T04:30:00-05:00,2023-05-05T15:30:00-04:00,CR-Worcester,CR-554427-511,place-WML-0442,2
487255,"On weekdays, now through Friday, May 5th, 9:15 am - 3:15 pm, the main track at Worcester station will close for construction. Boarding will occur from the tracks adjacent to the 45 Shrewsbury Street parking lot. Plan ahead & allow for extra travel time.",SERVICE_CHANGE,2023-03-23T08:11:20-04:00,https://www.mbta.com/UnionStation,through May 5,"On weekdays, now through Fri, May 5th, 9:15am - 3:15pm, the main track at Worcester station will close for construction. ","Affected stops:
Worcester

Affected trips:
507 (7:50 am from South Station)
509 (8:50 am from South Station)
511 (9:50 am from South Station)
512 (10:00 am from Worcester)
513 (10:50 am from South Station)
514 (11:00 am from Worcester)
515 (11:45 am from South Station)
516 (12:00 pm from Worcester)
517 (12:55 pm from South Station)
518 (1:05 pm from Worcester)
520 (2:00 pm from Worcester)
522 (3:00 pm from Worcester)",UNKNOWN_CAUSE,2023-03-06T04:30:00-05:00,2023-05-05T15:30:00-04:00,CR-Worcester,CR-554429-513,place-WML-0442,2
487255,"On weekdays, now through Friday, May 5th, 9:15 am - 3:15 pm, the main track at Worcester station will close for construction. Boarding will occur from the tracks adjacent to the 45 Shrewsbury Street parking lot. Plan ahead & allow for extra travel time.",SERVICE_CHANGE,2023-03-23T08:11:20-04:00,https://www.mbta.com/UnionStation,through May 5,"On weekdays, now through Fri, May 5th, 9:15am - 3:15pm, the main track at Worcester station will close for construction. ","Affected stops:
Worcester

Affected trips:
507 (7:50 am from South Station)
509 (8:50 am from South Station)
511 (9:50 am from South Station)
512 (10:00 am from Worcester)
513 (10:50 am from South Station)
514 (11:00 am from Worcester)
515 (11:45 am from South Station)
516 (12:00 pm from Worcester)
517 (12:55 pm from South Station)
518 (1:05 pm from Worcester)
520 (2:00 pm from Worcester)
522 (3:00 pm from Worcester)",UNKNOWN_CAUSE,2023-03-06T04:30:00-05:00,2023-05-05T15:30:00-04:00,CR-Worcester,CR-554442-515,place-WML-0442,2
487255,"On weekdays, now through Friday, May 5th, 9:15 am - 3:15 pm, the main track at Worcester station will close for construction. Boarding will occur from the tracks adjacent to the 45 Shrewsbury Street parking lot. Plan ahead & allow for extra travel time.",SERVICE_CHANGE,2023-03-23T08:11:20-04:00,https://www.mbta.com/UnionStation,through May 5,"On weekdays, now through Fri, May 5th, 9:15am - 3:15pm, the main track at Worcester station will close for construction. ","Affected stops:
Worcester

Affected trips:
507 (7:50 am from South Station)
509 (8:50 am from South Station)
511 (9:50 am from South Station)
512 (10:00 am from Worcester)
513 (10:50 am from South Station)
514 (11:00 am from Worcester)
515 (11:45 am from South Station)
516 (12:00 pm from Worcester)
517 (12:55 pm from South Station)
518 (1:05 pm from Worcester)
520 (2:00 pm from Worcester)
522 (3:00 pm from Worcester)",UNKNOWN_CAUSE,2023-03-06T04:30:00-05:00,2023-05-05T15:30:00-04:00,CR-Worcester,CR-554465-516,place-WML-0442,2
487255,"On weekdays, now through Friday, May 5th, 9:15 am - 3:15 pm, the main track at Worcester station will close for construction. Boarding will occur from the tracks adjacent to the 45 Shrewsbury Street parking lot. Plan ahead & allow for extra travel time.",SERVICE_CHANGE,2023-03-23T08:11:20-04:00,https://www.mbta.com/UnionStation,through May 5,"On weekdays, now through Fri, May 5th, 9:15am - 3:15pm, the main track at Worcester station will close for construction. ","Affected stops:
Worcester

Affected trips:
507 (7:50 am from South Station)
509 (8:50 am from South Station)
511 (9:50 am from South Station)
512 (10:00 am from Worcester)
513 (10:50 am from South Station)
514 (11:00 am from Worcester)
515 (11:45 am from South Station)
516 (12:00 pm from Worcester)
517 (12:55 pm from South Station)
518 (1:05 pm from Worcester)
520 (2:00 pm from Worcester)
522 (3:00 pm from Worcester)",UNKNOWN_CAUSE,2023-03-06T04:30:00-05:00,2023-05-05T15:30:00-04:00,CR-Worcester,CR-554471-509,place-WML-0442,2
487255,"On weekdays, now through Friday, May 5th, 9:15 am - 3:15 pm, the main track at Worcester station will close for construction. Boarding will occur from the tracks adjacent to the 45 Shrewsbury Street parking lot. Plan ahead & allow for extra travel time.",SERVICE_CHANGE,2023-03-23T08:11:20-04:00,https://www.mbta.com/UnionStation,through May 5,"On weekdays, now through Fri, May 5th, 9:15am - 3:15pm, the main track at Worcester station will close for construction. ","Affected stops:
Worcester

Affected trips:
507 (7:50 am from South Station)
509 (8:50 am from South Station)
511 (9:50 am from South Station)
512 (10:00 am from Worcester)
513 (10:50 am from South Station)
514 (11:00 am from Worcester)
515 (11:45 am from South Station)
516 (12:00 pm from Worcester)
517 (12:55 pm from South Station)
518 (1:05 pm from Worcester)
520 (2:00 pm from Worcester)
522 (3:00 pm from Worcester)",UNKNOWN_CAUSE,2023-03-06T04:30:00-05:00,2023-05-05T15:30:00-04:00,CR-Worcester,CR-554472-512,place-WML-0442,2
487255,"On weekdays, now through Friday, May 5th, 9:15 am - 3:15 pm, the main track at Worcester station will close for construction. Boarding will occur from the tracks adjacent to the 45 Shrewsbury Street parking lot. Plan ahead & allow for extra travel time.",SERVICE_CHANGE,2023-03-23T08:11:20-04:00,https://www.mbta.com/UnionStation,through May 5,"On weekdays, now through Fri, May 5th, 9:15am - 3:15pm, the main track at Worcester station will close for construction. ","Affected stops:
Worcester

Affected trips:
507 (7:50 am from South Station)
509 (8:50 am from South Station)
511 (9:50 am from South Station)
512 (10:00 am from Worcester)
513 (10:50 am from South Station)
514 (11:00 am from Worcester)
515 (11:45 am from South Station)
516 (12:00 pm from Worcester)
517 (12:55 pm from South Station)
518 (1:05 pm from Worcester)
520 (2:00 pm from Worcester)
522 (3:00 pm from Worcester)",UNKNOWN_CAUSE,2023-03-06T04:30:00-05:00,2023-05-05T15:30:00-04:00,CR-Worcester,CR-554474-522,place-WML-0442,2
487255,"On weekdays, now through Friday, May 5th, 9:15 am - 3:15 pm, the main track at Worcester station will close for construction. Boarding will occur from the tracks adjacent to the 45 Shrewsbury Street parking lot. Plan ahead & allow for extra travel time.",SERVICE_CHANGE,2023-03-23T08:11:20-04:00,https://www.mbta.com/UnionStation,through May 5,"On weekdays, now through Fri, May 5th, 9:15am - 3:15pm, the main track at Worcester station will close for construction. ","Affected stops:
Worcester

Affected trips:
507 (7:50 am from South Station)
509 (8:50 am from South Station)
511 (9:50 am from South Station)
512 (10:00 am from Worcester)
513 (10:50 am from South Station)
514 (11:00 am from Worcester)
515 (11:45 am from South Station)
516 (12:00 pm from Worcester)
517 (12:55 pm from South Station)
518 (1:05 pm from Worcester)
520 (2:00 pm from Worcester)
522 (3:00 pm from Worcester)",UNKNOWN_CAUSE,2023-03-06T04:30:00-05:00,2023-05-05T15:30:00-04:00,CR-Worcester,CR-554479-507,place-WML-0442,2
487255,"On weekdays, now through Friday, May 5th, 9:15 am - 3:15 pm, the main track at Worcester station will close for construction. Boarding will occur from the tracks adjacent to the 45 Shrewsbury Street parking lot. Plan ahead & allow for extra travel time.",SERVICE_CHANGE,2023-03-23T08:11:20-04:00,https://www.mbta.com/UnionStation,through May 5,"On weekdays, now through Fri, May 5th, 9:15am - 3:15pm, the main track at Worcester station will close for construction. ","Affected stops:
Worcester

Affected trips:
507 (7:50 am from South Station)
509 (8:50 am from South Station)
511 (9:50 am from South Station)
512 (10:00 am from Worcester)
513 (10:50 am from South Station)
514 (11:00 am from Worcester)
515 (11:45 am from South Station)
516 (12:00 pm from Worcester)
517 (12:55 pm from South Station)
518 (1:05 pm from Worcester)
520 (2:00 pm from Worcester)
522 (3:00 pm from Worcester)",UNKNOWN_CAUSE,2023-03-06T04:30:00-05:00,2023-05-05T15:30:00-04:00,CR-Worcester,CR-554534-517,place-WML-0442,2
487255,"On weekdays, now through Friday, May 5th, 9:15 am - 3:15 pm, the main track at Worcester station will close for construction. Boarding will occur from the tracks adjacent to the 45 Shrewsbury Street parking lot. Plan ahead & allow for extra travel time.",SERVICE_CHANGE,2023-03-23T08:11:20-04:00,https://www.mbta.com/UnionStation,through May 5,"On weekdays, now through Fri, May 5th, 9:15am - 3:15pm, the main track at Worcester station will close for construction. ","Affected stops:
Worcester

Affected trips:
507 (7:50 am from South Station)
509 (8:50 am from South Station)
511 (9:50 am from South Station)
512 (10:00 am from Worcester)
513 (10:50 am from South Station)
514 (11:00 am from Worcester)
515 (11:45 am from South Station)
516 (12:00 pm from Worcester)
517 (12:55 pm from South Station)
518 (1:05 pm from Worcester)
520 (2:00 pm from Worcester)
522 (3:00 pm from Worcester)",UNKNOWN_CAUSE,2023-03-06T04:30:00-05:00,2023-05-05T15:30:00-04:00,CR-Worcester,CR-554546-518,place-WML-0442,2
492474,"Saturday, April 22nd through Monday, May 15th, buses will replace weekend and weekday train service between Rockport and West Gloucester to allow for maintenance work on the tracks and the Gloucester drawbridge.",SERVICE_CHANGE,2023-04-22T04:00:17-04:00,,through May 15,"Sat, Apr 22nd through Mon, May 15th, buses will replace weekend & weekday train service between Rockport & West Gloucester to allow for main","Normal train service will operate between West Gloucester and North Station. 

Regular train service will resume on Tuesday, May 16th.

Bus pick up/drop off locations:
-At Rockport: In the parking lot next to the high-level platform ramp.
-At Gloucester: On Railroad Ave, at the bus cut near the high-level platform.
-At West Gloucester: In the station parking lot across from the platform shelter.

",UNKNOWN_CAUSE,2023-04-22T04:30:00-04:00,2023-05-16T02:30:00-04:00,CR-Newburyport,,GB-0316-S,2
492474,"Saturday, April 22nd through Monday, May 15th, buses will replace weekend and weekday train service between Rockport and West Gloucester to allow for maintenance work on the tracks and the Gloucester drawbridge.",SERVICE_CHANGE,2023-04-22T04:00:17-04:00,,through May 15,"Sat, Apr 22nd through Mon, May 15th, buses will replace weekend & weekday train service between Rockport & West Gloucester to allow for main","Normal train service will operate between West Gloucester and North Station. 

Regular train service will resume on Tuesday, May 16th.

Bus pick up/drop off locations:
-At Rockport: In the parking lot next to the high-level platform ramp.
-At Gloucester: On Railroad Ave, at the bus cut near the high-level platform.
-At West Gloucester: In the station parking lot across from the platform shelter.

",UNKNOWN_CAUSE,2023-04-22T04:30:00-04:00,2023-05-16T02:30:00-04:00,CR-Newburyport,,GB-0353-S,2
492474,"Saturday, April 22nd through Monday, May 15th, buses will replace weekend and weekday train service between Rockport and West Gloucester to allow for maintenance work on the tracks and the Gloucester drawbridge.",SERVICE_CHANGE,2023-04-22T04:00:17-04:00,,through May 15,"Sat, Apr 22nd through Mon, May 15th, buses will replace weekend & weekday train service between Rockport & West Gloucester to allow for main","Normal train service will operate between West Gloucester and North Station. 

Regular train service will resume on Tuesday, May 16th.

Bus pick up/drop off locations:
-At Rockport: In the parking lot next to the high-level platform ramp.
-At Gloucester: On Railroad Ave, at the bus cut near the high-level platform.
-At West Gloucester: In the station parking lot across from the platform shelter.

",UNKNOWN_CAUSE,2023-04-22T04:30:00-04:00,2023-05-16T02:30:00-04:00,CR-Newburyport,,place-GB-0316,2
492474,"Saturday, April 22nd through Monday, May 15th, buses will replace weekend and weekday train service between Rockport and West Gloucester to allow for maintenance work on the tracks and the Gloucester drawbridge.",SERVICE_CHANGE,2023-04-22T04:00:17-04:00,,through May 15,"Sat, Apr 22nd through Mon, May 15th, buses will replace weekend & weekday train service between Rockport & West Gloucester to allow for main","Normal train service will operate between West Gloucester and North Station. 

Regular train service will resume on Tuesday, May 16th.

Bus pick up/drop off locations:
-At Rockport: In the parking lot next to the high-level platform ramp.
-At Gloucester: On Railroad Ave, at the bus cut near the high-level platform.
-At West Gloucester: In the station parking lot across from the platform shelter.

",UNKNOWN_CAUSE,2023-04-22T04:30:00-04:00,2023-05-16T02:30:00-04:00,CR-Newburyport,,place-GB-0353,2
495561,Please board all outbound Framingham/Worcester Line trains on the inbound platform (Track 5) at Back Bay and Lansdowne until further notice.,TRACK_CHANGE,2023-04-27T14:40:25-04:00,,,Please board all outbound Framingham/Worcester Line trains on the inbound platform (Track 5) at Back Bay and Lansdowne until further notice.,"Affected direction: Outbound

Affected stops:
Back Bay
Lansdowne",UNKNOWN_CAUSE,2023-04-27T14:40:24-04:00,2023-04-27T17:27:36-04:00,CR-Worcester,,NEC-2276,2
495561,Please board all outbound Framingham/Worcester Line trains on the inbound platform (Track 5) at Back Bay and Lansdowne until further notice.,TRACK_CHANGE,2023-04-27T14:40:25-04:00,,,Please board all outbound Framingham/Worcester Line trains on the inbound platform (Track 5) at Back Bay and Lansdowne until further notice.,"Affected direction: Outbound

Affected stops:
Back Bay
Lansdowne",UNKNOWN_CAUSE,2023-04-27T14:40:24-04:00,2023-04-27T17:27:36-04:00,CR-Worcester,,WML-0025,2
495561,Please board all outbound Framingham/Worcester Line trains on the inbound platform (Track 5) at Back Bay and Lansdowne until further notice.,TRACK_CHANGE,2023-04-27T14:40:25-04:00,,,Please board all outbound Framingham/Worcester Line trains on the inbound platform (Track 5) at Back Bay and Lansdowne until further notice.,"Affected direction: Outbound

Affected stops:
Back Bay
Lansdowne",UNKNOWN_CAUSE,2023-04-27T14:40:24-04:00,2023-04-27T17:27:36-04:00,CR-Worcester,,place-WML-0025,2
495561,Please board all outbound Framingham/Worcester Line trains on the inbound platform (Track 5) at Back Bay and Lansdowne until further notice.,TRACK_CHANGE,2023-04-27T14:40:25-04:00,,,Please board all outbound Framingham/Worcester Line trains on the inbound platform (Track 5) at Back Bay and Lansdowne until further notice.,"Affected direction: Outbound

Affected stops:
Back Bay
Lansdowne",UNKNOWN_CAUSE,2023-04-27T14:40:24-04:00,2023-04-27T17:27:36-04:00,CR-Worcester,,place-bbsta,2
384780,Commuter Rail service at South Attleboro is temporarily suspended due to significant deterioration of the pedestrian overpass. Service will resume & the pedestrian overpass will reopen when the station Accessibility Improvement Project is fully completed.,SERVICE_CHANGE,2022-11-01T13:42:55-04:00,https://mbta.com/soattleborostation,ongoing,Commuter Rail service at S Attleboro is temporarily suspended due to significant deterioration of the pedestrian overpass.,Local GATRA and RIPTA bus service at the station will not be impacted. Riders may also consider Attleboro Station as a temporary alternative.,UNKNOWN_CAUSE,2021-03-12T10:40:01-05:00,,CR-Providence,,NEC-1851,2
384780,Commuter Rail service at South Attleboro is temporarily suspended due to significant deterioration of the pedestrian overpass. Service will resume & the pedestrian overpass will reopen when the station Accessibility Improvement Project is fully completed.,SERVICE_CHANGE,2022-11-01T13:42:55-04:00,https://mbta.com/soattleborostation,ongoing,Commuter Rail service at S Attleboro is temporarily suspended due to significant deterioration of the pedestrian overpass.,Local GATRA and RIPTA bus service at the station will not be impacted. Riders may also consider Attleboro Station as a temporary alternative.,UNKNOWN_CAUSE,2021-03-12T10:40:01-05:00,,CR-Providence,,NEC-1969,2
384780,Commuter Rail service at South Attleboro is temporarily suspended due to significant deterioration of the pedestrian overpass. Service will resume & the pedestrian overpass will reopen when the station Accessibility Improvement Project is fully completed.,SERVICE_CHANGE,2022-11-01T13:42:55-04:00,https://mbta.com/soattleborostation,ongoing,Commuter Rail service at S Attleboro is temporarily suspended due to significant deterioration of the pedestrian overpass.,Local GATRA and RIPTA bus service at the station will not be impacted. Riders may also consider Attleboro Station as a temporary alternative.,UNKNOWN_CAUSE,2021-03-12T10:40:01-05:00,,CR-Providence,,place-NEC-1851,2
384780,Commuter Rail service at South Attleboro is temporarily suspended due to significant deterioration of the pedestrian overpass. Service will resume & the pedestrian overpass will reopen when the station Accessibility Improvement Project is fully completed.,SERVICE_CHANGE,2022-11-01T13:42:55-04:00,https://mbta.com/soattleborostation,ongoing,Commuter Rail service at S Attleboro is temporarily suspended due to significant deterioration of the pedestrian overpass.,Local GATRA and RIPTA bus service at the station will not be impacted. Riders may also consider Attleboro Station as a temporary alternative.,UNKNOWN_CAUSE,2021-03-12T10:40:01-05:00,,CR-Providence,,place-NEC-1969,2
495557,Rockport Line Train 114 (1:56 pm from West Gloucester) is operating 5-15 minutes behind schedule between West Gloucester and North Station.,DELAY,2023-04-27T14:08:44-04:00,,,Rockport Line Train 114 (1:56 pm from West Gloucester) is operating 5-15 minutes behind schedule between West Gloucester and North Station.,Affected direction: Inbound,UNKNOWN_CAUSE,2023-04-27T14:08:39-04:00,2023-04-27T16:02:00-04:00,CR-Newburyport,CR-593340-114-Rockport,,2
495560,Worcester Line Train 519 (1:45 pm from South Station) is operating 15-25 minutes behind schedule between Wellesley Square and Worcester due to train traffic.,DELAY,2023-04-27T14:45:55-04:00,,,Worcester Line Train 519 (1:45pm from S Station) is operating 15-25 minutes behind schedule between Wellesley Sq and Worcester,Affected direction: Outbound,UNKNOWN_CAUSE,2023-04-27T14:26:00-04:00,2023-04-27T16:23:00-04:00,CR-Worcester,CR-554467-519,,2
435027,"Effective until the Worcester Union Station Improvement Project is completed, passengers board & exit trains on a temporary platform at the east end of the station accessible from 45 Shrewsbury Street. Please allow for extra travel time.",SERVICE_CHANGE,2023-01-30T06:47:50-05:00,https://www.mbta.com/UnionStation,ongoing,Passengers board & exit trains on a temporary platform at the east end of Worcester Union Station accessible from 45 Shrewsbury Street.,"Affected stops:
Worcester",UNKNOWN_CAUSE,2022-03-14T04:30:00-04:00,,CR-Worcester,,WML-0442-CS,2
435027,"Effective until the Worcester Union Station Improvement Project is completed, passengers board & exit trains on a temporary platform at the east end of the station accessible from 45 Shrewsbury Street. Please allow for extra travel time.",SERVICE_CHANGE,2023-01-30T06:47:50-05:00,https://www.mbta.com/UnionStation,ongoing,Passengers board & exit trains on a temporary platform at the east end of Worcester Union Station accessible from 45 Shrewsbury Street.,"Affected stops:
Worcester",UNKNOWN_CAUSE,2022-03-14T04:30:00-04:00,,CR-Worcester,,place-WML-0442,2
462756,"Effective October 1st, Lynn Station is closed in order to be rebuilt as part of the Lynn Commuter Rail Station Improvements Project. A free shuttle bus service is provided between Lynn and Swampscott until a temporary platform is built.",SERVICE_CHANGE,2022-10-28T19:01:49-04:00,https://mbta.com/lynnshuttle,ongoing,"As of Oct 1st, Lynn Sta is closed in order to be rebuilt as part of the Lynn Commuter Rail Sta Improvements Project. A free shuttle bus serv","During the station closure, riders may use Bus Routes 441/442 and 455 from Lynn to connect to Wonderland station for continued Blue Line subway service into Boston.

Although Swampscott is a Zone 3 station, Lynn riders who board at Swampscott may purchase Zone 2 tickets and passes.

For more info: MBTA.com/projects/lynn-commuter-rail-station-improvements 



Affected stops:
Lynn",UNKNOWN_CAUSE,2022-09-16T14:23:00-04:00,,CR-Newburyport,,,2
495577,Please board all inbound Framingham/Worcester Line trains on the outbound platform (Track 1) at Framingham through Wellesley Farms until further notice.,TRACK_CHANGE,2023-04-27T15:14:56-04:00,,,Please board all inbound Famnghm/Worc trains on the outbound platform (Track 1) at Framingham through Wellesley Farms until further notice,"Affected direction: Inbound

Affected stops:
Framingham
West Natick
Natick Center
Wellesley Square
Wellesley Hills
Wellesley Farms",UNKNOWN_CAUSE,2023-04-27T15:14:52-04:00,2023-04-27T17:27:36-04:00,CR-Worcester,,WML-0125,2
495577,Please board all inbound Framingham/Worcester Line trains on the outbound platform (Track 1) at Framingham through Wellesley Farms until further notice.,TRACK_CHANGE,2023-04-27T15:14:56-04:00,,,Please board all inbound Famnghm/Worc trains on the outbound platform (Track 1) at Framingham through Wellesley Farms until further notice,"Affected direction: Inbound

Affected stops:
Framingham
West Natick
Natick Center
Wellesley Square
Wellesley Hills
Wellesley Farms",UNKNOWN_CAUSE,2023-04-27T15:14:52-04:00,2023-04-27T17:27:36-04:00,CR-Worcester,,WML-0135,2
495577,Please board all inbound Framingham/Worcester Line trains on the outbound platform (Track 1) at Framingham through Wellesley Farms until further notice.,TRACK_CHANGE,2023-04-27T15:14:56-04:00,,,Please board all inbound Famnghm/Worc trains on the outbound platform (Track 1) at Framingham through Wellesley Farms until further notice,"Affected direction: Inbound

Affected stops:
Framingham
West Natick
Natick Center
Wellesley Square
Wellesley Hills
Wellesley Farms",UNKNOWN_CAUSE,2023-04-27T15:14:52-04:00,2023-04-27T17:27:36-04:00,CR-Worcester,,WML-0147,2
495577,Please board all inbound Framingham/Worcester Line trains on the outbound platform (Track 1) at Framingham through Wellesley Farms until further notice.,TRACK_CHANGE,2023-04-27T15:14:56-04:00,,,Please board all inbound Famnghm/Worc trains on the outbound platform (Track 1) at Framingham through Wellesley Farms until further notice,"Affected direction: Inbound

Affected stops:
Framingham
West Natick
Natick Center
Wellesley Square
Wellesley Hills
Wellesley Farms",UNKNOWN_CAUSE,2023-04-27T15:14:52-04:00,2023-04-27T17:27:36-04:00,CR-Worcester,,WML-0177,2
495577,Please board all inbound Framingham/Worcester Line trains on the outbound platform (Track 1) at Framingham through Wellesley Farms until further notice.,TRACK_CHANGE,2023-04-27T15:14:56-04:00,,,Please board all inbound Famnghm/Worc trains on the outbound platform (Track 1) at Framingham through Wellesley Farms until further notice,"Affected direction: Inbound

Affected stops:
Framingham
West Natick
Natick Center
Wellesley Square
Wellesley Hills
Wellesley Farms",UNKNOWN_CAUSE,2023-04-27T15:14:52-04:00,2023-04-27T17:27:36-04:00,CR-Worcester,,WML-0199,2
495577,Please board all inbound Framingham/Worcester Line trains on the outbound platform (Track 1) at Framingham through Wellesley Farms until further notice.,TRACK_CHANGE,2023-04-27T15:14:56-04:00,,,Please board all inbound Famnghm/Worc trains on the outbound platform (Track 1) at Framingham through Wellesley Farms until further notice,"Affected direction: Inbound

Affected stops:
Framingham
West Natick
Natick Center
Wellesley Square
Wellesley Hills
Wellesley Farms",UNKNOWN_CAUSE,2023-04-27T15:14:52-04:00,2023-04-27T17:27:36-04:00,CR-Worcester,,WML-0214,2
495577,Please board all inbound Framingham/Worcester Line trains on the outbound platform (Track 1) at Framingham through Wellesley Farms until further notice.,TRACK_CHANGE,2023-04-27T15:14:56-04:00,,,Please board all inbound Famnghm/Worc trains on the outbound platform (Track 1) at Framingham through Wellesley Farms until further notice,"Affected direction: Inbound

Affected stops:
Framingham
West Natick
Natick Center
Wellesley Square
Wellesley Hills
Wellesley Farms",UNKNOWN_CAUSE,2023-04-27T15:14:52-04:00,2023-04-27T17:27:36-04:00,CR-Worcester,,place-WML-0125,2
495577,Please board all inbound Framingham/Worcester Line trains on the outbound platform (Track 1) at Framingham through Wellesley Farms until further notice.,TRACK_CHANGE,2023-04-27T15:14:56-04:00,,,Please board all inbound Famnghm/Worc trains on the outbound platform (Track 1) at Framingham through Wellesley Farms until further notice,"Affected direction: Inbound

Affected stops:
Framingham
West Natick
Natick Center
Wellesley Square
Wellesley Hills
Wellesley Farms",UNKNOWN_CAUSE,2023-04-27T15:14:52-04:00,2023-04-27T17:27:36-04:00,CR-Worcester,,place-WML-0135,2
495577,Please board all inbound Framingham/Worcester Line trains on the outbound platform (Track 1) at Framingham through Wellesley Farms until further notice.,TRACK_CHANGE,2023-04-27T15:14:56-04:00,,,Please board all inbound Famnghm/Worc trains on the outbound platform (Track 1) at Framingham through Wellesley Farms until further notice,"Affected direction: Inbound

Affected stops:
Framingham
West Natick
Natick Center
Wellesley Square
Wellesley Hills
Wellesley Farms",UNKNOWN_CAUSE,2023-04-27T15:14:52-04:00,2023-04-27T17:27:36-04:00,CR-Worcester,,place-WML-0147,2
495577,Please board all inbound Framingham/Worcester Line trains on the outbound platform (Track 1) at Framingham through Wellesley Farms until further notice.,TRACK_CHANGE,2023-04-27T15:14:56-04:00,,,Please board all inbound Famnghm/Worc trains on the outbound platform (Track 1) at Framingham through Wellesley Farms until further notice,"Affected direction: Inbound

Affected stops:
Framingham
West Natick
Natick Center
Wellesley Square
Wellesley Hills
Wellesley Farms",UNKNOWN_CAUSE,2023-04-27T15:14:52-04:00,2023-04-27T17:27:36-04:00,CR-Worcester,,place-WML-0177,2
495577,Please board all inbound Framingham/Worcester Line trains on the outbound platform (Track 1) at Framingham through Wellesley Farms until further notice.,TRACK_CHANGE,2023-04-27T15:14:56-04:00,,,Please board all inbound Famnghm/Worc trains on the outbound platform (Track 1) at Framingham through Wellesley Farms until further notice,"Affected direction: Inbound

Affected stops:
Framingham
West Natick
Natick Center
Wellesley Square
Wellesley Hills
Wellesley Farms",UNKNOWN_CAUSE,2023-04-27T15:14:52-04:00,2023-04-27T17:27:36-04:00,CR-Worcester,,place-WML-0199,2
495577,Please board all inbound Framingham/Worcester Line trains on the outbound platform (Track 1) at Framingham through Wellesley Farms until further notice.,TRACK_CHANGE,2023-04-27T15:14:56-04:00,,,Please board all inbound Famnghm/Worc trains on the outbound platform (Track 1) at Framingham through Wellesley Farms until further notice,"Affected direction: Inbound

Affected stops:
Framingham
West Natick
Natick Center
Wellesley Square
Wellesley Hills
Wellesley Farms",UNKNOWN_CAUSE,2023-04-27T15:14:52-04:00,2023-04-27T17:27:36-04:00,CR-Worcester,,place-WML-0214,2
487605,"Due to upcoming construction activities and demolition at Natick Center station, the pedestrian bridge will be closed starting March 2, 2023, until the new pedestrian bridge is completed in Winter 2023.",SERVICE_CHANGE,2023-03-09T10:02:15-05:00,https://mbta.com/natickcenter,ongoing,"Due to upcoming construction activities & demolition at Natick Center station, the pedestrian bridge will be closed starting Mar 2, 2023.",,UNKNOWN_CAUSE,2023-03-02T10:02:00-05:00,,CR-Worcester,,WML-0177,2
487605,"Due to upcoming construction activities and demolition at Natick Center station, the pedestrian bridge will be closed starting March 2, 2023, until the new pedestrian bridge is completed in Winter 2023.",SERVICE_CHANGE,2023-03-09T10:02:15-05:00,https://mbta.com/natickcenter,ongoing,"Due to upcoming construction activities & demolition at Natick Center station, the pedestrian bridge will be closed starting Mar 2, 2023.",,UNKNOWN_CAUSE,2023-03-02T10:02:00-05:00,,CR-Worcester,,place-WML-0177,2
495555,Worcester Line Train 518 (1:05 pm from Worcester) is operating 5-15 minutes behind schedule between Framingham and South Station.,DELAY,2023-04-27T13:55:46-04:00,,,Worcester Line Train 518 (1:05 pm from Worcester) is operating 5-15 minutes behind schedule between Framingham and South Station.,Affected direction: Inbound,UNKNOWN_CAUSE,2023-04-27T13:55:40-04:00,2023-04-27T15:38:00-04:00,CR-Worcester,CR-554546-518,,2
482367,The staircases leading to the platform at Sharon are temporarily closed for maintenance. Passengers may access the platform via the pedestrian ramp (outbound) or the Chestnut St entrance (inbound).,STATION_ISSUE,2023-01-29T15:32:15-05:00,,ongoing,The staircases at Sharon are temporarily closed for maintenance. Passengers may access the platform via the pedestrian ramp or Chestnut St.,"Affected lines:
Providence/Stoughton Line",UNKNOWN_CAUSE,2023-01-22T15:31:39-05:00,,CR-Providence,,NEC-2108,2
482367,The staircases leading to the platform at Sharon are temporarily closed for maintenance. Passengers may access the platform via the pedestrian ramp (outbound) or the Chestnut St entrance (inbound).,STATION_ISSUE,2023-01-29T15:32:15-05:00,,ongoing,The staircases at Sharon are temporarily closed for maintenance. Passengers may access the platform via the pedestrian ramp or Chestnut St.,"Affected lines:
Providence/Stoughton Line",UNKNOWN_CAUSE,2023-01-22T15:31:39-05:00,,CR-Providence,,place-NEC-2108,2
495563,Providence Line Train 824 (2:18 pm from Providence) is operating 15-25 minutes behind schedule between Pawtucket/Central Falls and South Station. ,DELAY,2023-04-27T14:48:23-04:00,,,Providence Line Train 824 (2:18 pm from Providence) is operating 5-15 minutes behind schedule between Pawtucket/Central Falls.,Affected direction: Inbound,UNKNOWN_CAUSE,2023-04-27T14:40:00-04:00,2023-04-27T16:32:00-04:00,CR-Providence,CR-574038-824,,2
495565,Normal boarding has resumed for all Lowell line trains at West Medford and Wedgemere.,TRACK_CHANGE,2023-04-27T14:49:13-04:00,,,Normal boarding has resumed for all Lowell line trains at West Medford and Wedgemere.,"Affected stops:
West Medford
Wedgemere",UNKNOWN_CAUSE,2023-04-27T14:49:10-04:00,2023-04-27T17:27:36-04:00,CR-Lowell,,NHRML-0055,2
495565,Normal boarding has resumed for all Lowell line trains at West Medford and Wedgemere.,TRACK_CHANGE,2023-04-27T14:49:13-04:00,,,Normal boarding has resumed for all Lowell line trains at West Medford and Wedgemere.,"Affected stops:
West Medford
Wedgemere",UNKNOWN_CAUSE,2023-04-27T14:49:10-04:00,2023-04-27T17:27:36-04:00,CR-Lowell,,NHRML-0073,2
495565,Normal boarding has resumed for all Lowell line trains at West Medford and Wedgemere.,TRACK_CHANGE,2023-04-27T14:49:13-04:00,,,Normal boarding has resumed for all Lowell line trains at West Medford and Wedgemere.,"Affected stops:
West Medford
Wedgemere",UNKNOWN_CAUSE,2023-04-27T14:49:10-04:00,2023-04-27T17:27:36-04:00,CR-Lowell,,place-NHRML-0055,2
495565,Normal boarding has resumed for all Lowell line trains at West Medford and Wedgemere.,TRACK_CHANGE,2023-04-27T14:49:13-04:00,,,Normal boarding has resumed for all Lowell line trains at West Medford and Wedgemere.,"Affected stops:
West Medford
Wedgemere",UNKNOWN_CAUSE,2023-04-27T14:49:10-04:00,2023-04-27T17:27:36-04:00,CR-Lowell,,place-NHRML-0073,2
